Cumulative  Test positive,Cumulative  tests performed,Date,Discharged,Expired,Admitted,Region,,,
2,80,2020-03-11,0,0,2,ICT,,,
0,95,2020-03-11,0,0,0,Punjab,,,
14,171,2020-03-11,1,0,13,Sindh,,,
0,28,2020-03-11,0,0,0,KP,,,
0,0,2020-03-11,0,0,0,KPTD,,,
1,18,2020-03-11,0,0,1,Balochistan,,,
0,4,2020-03-11,0,0,0,AJK,,,
2,26,2020-03-11,0,0,2,GB,,,
2,85,2020-03-12,0,0,2,ICT,,,
0,105,2020-03-12,0,0,0,Punjab,,,
14,198,2020-03-12,2,0,12,Sindh,,,
0,29,2020-03-12,0,0,0,KP,,,
0,0,2020-03-12,0,0,0,KPTD,,,
1,18,2020-03-12,0,0,1,Balochistan,,,
0,8,2020-03-12,0,0,0,AJK,,,
3,28,2020-03-12,0,0,3,GB,,,
2,92,2020-03-13,0,0,2,ICT,,,
0,110,2020-03-13,0,0,0,Punjab,,,
15,240,2020-03-13,2,0,13,Sindh,,,
0,30,2020-03-13,0,0,0,KP,,,
0,0,2020-03-13,0,0,0,KPTD,,,
1,18,2020-03-13,0,0,1,Balochistan,,,
0,9,2020-03-13,0,0,0,AJK,,,
3,32,2020-03-13,0,0,3,GB,,,
3,99,2020-03-14,0,0,3,ICT,,,
0,116,2020-03-14,0,0,0,Punjab,,,
16,282,2020-03-14,3,0,13,Sindh,,,
0,31,2020-03-14,0,0,0,KP,,,
0,0,2020-03-14,0,0,0,KPTD,,,
6,35,2020-03-14,0,0,6,Balochistan,,,
0,10,2020-03-14,0,0,0,AJK,,,
3,36,2020-03-14,0,0,3,GB,,,
4,115,2020-03-15,0,0,4,ICT,,,
0,126,2020-03-15,0,0,0,Punjab,,,
18,315,2020-03-15,3,0,15,Sindh,,,
0,32,2020-03-15,0,0,0,KP,,,
0,0,2020-03-15,0,0,0,KPTD,,,
6,42,2020-03-15,0,0,6,Balochistan,,,
0,11,2020-03-15,0,0,0,AJK,,,
3,45,2020-03-15,0,0,3,GB,,,
4,147,2020-03-16,0,0,4,ICT,,,
1,166,2020-03-16,0,0,1,Punjab,,,
34,364,2020-03-16,3,0,32,Sindh,,,
0,32,2020-03-16,0,0,0,KP,,,
0,0,2020-03-16,0,0,0,KPTD,,,
5,40,2020-03-16,0,0,10,Balochistan,,,
0,11,2020-03-16,0,0,0,AJK,,,
3,45,2020-03-16,0,0,3,GB,,,
6,28,2020-03-16,0,0,0,Mobile Lab,,,
4,581,2020-03-17,1,0,3,ICT,,,
1,166,2020-03-17,0,0,1,Punjab,,,
150,554,2020-03-17,3,0,147,Sindh,,,
15,51,2020-03-17,0,0,15,KP,,,
0,0,2020-03-17,0,0,0,KPTD,,,
14,163,2020-03-17,0,0,14,Balochistan,,,
0,11,2020-03-17,0,0,0,AJK,,,
3,45,2020-03-04,0,0,3,GB,,,
8,627,2020-03-18,1,0,3,ICT,,,
26,133,2020-03-18,0,0,26,Punjab,,,gujjar
172,606,2020-03-18,3,0,169,Sindh,,,
17,42,2020-03-18,0,0,17,KP,,,
0,0,2020-03-18,0,0,0,KPTD,,,
15,151,2020-03-18,0,0,15,Balochistan,,,
0,11,2020-03-18,0,0,0,AJK,,,
3,51,2020-03-18,0,0,5,GB,,,
5,184,2020-03-19,2,0,3,ICT,,,
33,254,2020-03-19,0,0,33,Punjab,,,
208,908,2020-03-19,3,0,205,Sindh,,,
19,67,2020-03-19,0,2,17,KP,,,
0,0,2020-03-19,0,0,0,KPTD,,,
23,637,2020-03-19,0,0,23,Balochistan,,,
1,23,2020-03-19,0,0,1,AJK,,,
13,90,2020-03-19,0,0,11,GB,,,
10,277,2020-03-20,2,0,8,ICT,,,
80,872,2020-03-20,0,0,80,Punjab,,,
245,1210,2020-03-20,3,0,242,Sindh,,,
23,67,2020-03-20,0,2,21,KP,,,
0,0,2020-03-20,0,0,0,KPTD,,,
81,805,2020-03-20,0,0,81,Balochistan,,,
1,36,2020-03-20,0,0,1,AJK,,,
21,143,2020-03-20,0,0,21,GB,,,
11,325,2020-03-21,2,0,9,ICT,,,
96,894,2020-03-21,0,0,96,Punjab,,,
253,1497,2020-03-21,3,1,249,Sindh,,,
23,130,2020-03-21,0,2,21,KP,,,
0,0,2020-03-21,0,0,0,KPTD,,,
81,805,2020-03-21,0,0,81,Balochistan,,,
1,40,2020-03-21,0,0,1,AJK,,,
30,310,2020-03-21,0,0,30,GB,,,
11,366,2020-03-22,2,0,9,ICT,,,
152,1361,2020-03-22,0,0,152,Punjab,,,
396,1497,2020-03-22,3,1,392,Sindh,,,
31,264,2020-03-22,0,2,29,KP,,,
0,0,2020-03-22,0,0,0,KPTD,,,
104,1380,2020-03-22,0,0,104,Balochistan,,,
1,42,2020-03-22,0,0,1,AJK,,,
55,315,2020-03-22,0,0,55,GB,,,
15,404,2020-03-23,2,0,13,ICT,,,
225,1436,2020-03-23,0,0,225,Punjab,,,
333,1512,2020-03-23,4,1,328,Sindh,,,
31,305,2020-03-23,0,3,28,KP,,,
108,1405,2020-03-23,0,1,107,Balochistan,,,
1,44,2020-03-23,0,0,1,AJK,,,
71,338,2020-03-23,0,0,71,GB,,,
15,427,2020-03-24,2,0,13,ICT,,,
249,1436,2020-03-24,0,0,249,Punjab,,,
394,1579,2020-03-24,4,1,389,Sindh,,,
38,448,2020-03-24,0,3,35,KP,,,
110,1407,2020-03-24,0,1,109,Balochistan,,,
1,60,2020-03-24,0,0,1,AJK,,,
80,500,2020-03-24,0,1,79,GB,,,
18,459,2020-03-25,2,0,16,ICT,,,
296,1436,2020-03-25,2,1,293,Punjab,,,
407,1579,2020-03-25,14,1,392,Sindh,,,
78,566,2020-03-25,0,3,75,KP,,,
110,1437,2020-03-25,0,1,109,Balochistan,,,
1,66,2020-03-25,0,0,1,AJK,,,
81,580,2020-03-25,0,1,80,GB,,,
25,561,2020-03-26,2,0,8,ICT,,,
323,1436,2020-03-26,3,2,318,Punjab,,,
413,1592,2020-03-26,14,1,398,Sindh,,,
80,704,2020-03-26,2,3,75,KP,,,
131,1455,2020-03-26,0,1,130,Balochistan,,,
1,77,2020-03-26,0,0,1,AJK,,,
84,624,2020-03-26,0,1,83,GB,,,
25,712,2020-03-27,2,0,12,ICT,,,
408,2257,2020-03-27,3,3,402,Punjab,,,
417,1592,2020-03-27,14,1,402,Sindh,,,
123,917,2020-03-27,2,3,118,KP,,,
131,1512,2020-03-27,0,1,130,Balochistan,,,
2,83,2020-03-27,0,0,2,AJK,,,
91,762,2020-03-27,2,1,88,GB,,,
39,1056,2020-03-28,2,0,8,ICT,,,
490,3310,2020-03-28,4,5,237,Punjab,,,
457,5158,2020-03-28,14,1,294,Sindh,,,
180,1121,2020-03-28,2,3,50,KP,,,
133,1657,2020-03-28,2,1,122,Balochistan,,,
2,97,2020-03-28,0,0,2,AJK,,,
107,832,2020-03-28,3,1,12,GB,,,
43,1213,2020-03-29,2,0,11,ICT,,,
558,3492,2020-03-29,4,5,247,Punjab,,,
481,5673,2020-03-29,14,2,294,Sindh,,,
188,1229,2020-03-29,2,4,60,KP,,,
138,1737,2020-03-29,2,1,130,Balochistan,,,
2,97,2020-03-29,0,0,2,AJK,,,
116,895,2020-03-29,4,1,12,GB,,,
51,1310,2020-03-30,3,0,13,ICT,,,
593,3492,2020-03-30,5,6,253,Punjab,,,
508,5945,2020-03-30,16,5,306,Sindh,,,
195,1324,2020-03-30,2,5,60,KP,,,
144,1710,2020-03-30,2,1,133,Balochistan,,,
6,105,2020-03-30,0,0,6,AJK,,,
128,862,2020-03-30,4,1,12,GB,,,
58,1469,2020-03-31,3,0,16,ICT,,,
652,2500,2020-03-31,5,9,303,Punjab,,,
627,6328,2020-03-31,42,7,315,Sindh,,,
221,1512,2020-03-31,2,6,70,KP,,,
153,1792,2020-03-31,2,1,139,Balochistan,,,
6,177,2020-03-31,0,0,6,AJK,,,
148,880,2020-03-31,4,2,12,GB,,,
54,1703,2020-04-01,3,0,16,ICT,,,
708,2720,2020-04-01,5,9,357,Punjab,,,
676,6578,2020-04-01,51,8,385,Sindh,,,
253,1271,2020-04-01,2,6,74,KP,,,
158,1934,2020-04-01,17,1,124,Balochistan,,,
6,239,2020-04-01,0,0,6,AJK,,,
184,750,2020-04-01,4,2,12,GB,,,
62,1997,2020-04-02,3,0,15,ICT,,,
845,2945,2020-04-02,6,11,384,Punjab,,,
743,6926,2020-04-02,58,9,387,Sindh,,,
276,1814,2020-04-02,19,8,84,KP,,,
169,2049,2020-04-02,17,1,125,Balochistan,,,
9,249,2020-04-02,0,0,9,AJK,,,
187,797,2020-04-02,4,2,12,GB,,,
68,2395,2020-04-03,3,0,18,ICT,,,
920,15134,2020-04-03,6,11,456,Punjab,,,
783,7504,2020-04-03,65,11,410,Sindh,,,
311,1938,2020-04-03,30,9,92,KP,,,
169,2171,2020-04-03,17,1,125,Balochistan,,,
9,322,2020-04-03,0,0,9,AJK,,,
190,844,2020-04-03,5,3,12,GB,,,
11,343,2020-04-04,0,0,11,AJK,,,
175,2401,2020-04-04,17,1,132,Balochistan,,,
193,860,2020-04-04,9,3,12,GB,,,
75,2569,2020-04-04,3,0,14,ICT,,,
343,1624,2020-04-04,30,11,92,KP,,,
1072,16508,2020-04-04,6,11,506,Punjab,,,
839,8625,2020-04-04,65,14,391,Sindh,,,
12,385,2020-04-05,1,0,11,AJK,,,
185,2513,2020-04-05,17,1,133,Balochistan,,,
206,975,2020-04-05,9,3,12,GB,,,
78,2744,2020-04-05,3,0,10,ICT,,,
372,1769,2020-04-05,30,14,95,KP,,,
1163,17653,2020-04-05,25,12,526,Punjab,,,
864,8846,2020-04-05,85,15,390,Sindh,,,
15,400,2020-04-06,1,0,14,AJK,,,
191,2777,2020-04-06,30,1,112,Balochistan,,,
210,998,2020-04-06,13,3,12,GB,,,
82,2871,2020-04-06,3,0,11,ICT,,,
405,1974,2020-04-06,62,16,120,KP,,,
1493,17724,2020-04-06,25,15,653,Punjab,,,
881,9131,2020-04-06,123,15,363,Sindh,,,
18,484,2020-04-07,1,0,17,AJK,,,
202,2998,2020-04-07,63,1,87,Balochistan,,,
211,1015,2020-04-07,15,3,14,GB,,,
83,2921,2020-04-07,3,1,17,ICT,,,
500,2103,2020-04-07,69,17,138,KP,,,
1918,20073,2020-04-07,25,15,751,Punjab,,,
932,9589,2020-04-07,253,17,287,Sindh,,,
19,534,2020-04-08,1,0,18,AJK,,,
206,3091,2020-04-08,75,2,77,Balochistan,,,
212,1127,2020-04-08,15,3,14,GB,,,
92,3096,2020-04-08,3,1,17,ICT,,,
527,2262,2020-04-08,70,18,197,KP,,,
2030,21826,2020-04-08,34,16,713,Punjab,,,
986,10223,2020-04-08,269,18,303,Sindh,,,
28,581,2020-04-09,1,0,27,AJK,,,
212,3216,2020-04-09,76,2,77,Balochistan,,,
213,1143,2020-04-09,96,3,14,GB,,,
102,3233,2020-04-09,10,1,11,ICT,,,
560,2662,2020-04-09,74,20,168,KP,,,
2171,23080,2020-04-09,35,17,752,Punjab,,,
1036,10981,2020-04-09,280,20,354,Sindh,,,
33,631,2020-04-10,1,0,32,AJK,,,
219,3405,2020-04-10,89,1,70,Balochistan,,,
215,1266,2020-04-10,111,3,14,GB,,,
107,3375,2020-04-10,10,1,18,ICT,,,
620,2871,2020-04-10,128,22,201,KP,,,
2279,31535,2020-04-10,39,18,745,Punjab,,,
1128,11623,2020-04-10,349,21,322,Sindh,,,
34,745,2020-04-11,1,0,33,AJK,,,
220,3694,2020-04-11,95,1,68,Balochistan,,,
215,1334,2020-04-11,125,3,17,GB,,,
113,3480,2020-04-11,13,1,15,ICT,,,
656,3046,2020-04-11,131,25,201,KP,,,
2336,33328,2020-04-11,39,19,764,Punjab,,,
1214,12209,2020-04-11,358,22,313,Sindh,,,
35,813,2020-04-12,1,0,34,AJK,,,
228,3812,2020-04-12,95,2,62,Balochistan,,,
216,1408,2020-04-12,146,3,9,GB,,,
119,3570,2020-04-12,13,1,17,ICT,,,
697,3259,2020-04-12,142,31,210,KP,,,
2425,36199,2020-04-12,258,21,765,Punjab,,,
1318,12740,2020-04-12,371,28,343,Sindh,,,
40,910,2020-04-13,2,0,38,AJK,,,
230,3906,2020-04-13,123,2,40,Balochistan,,,
224,1476,2020-04-13,149,3,9,GB,,,
131,3836,2020-04-13,15,1,24,ICT,,,
744,3478,2020-04-13,145,34,211,KP,,,
2594,38199,2020-04-13,272,23,832,Punjab,,,
1411,13309,2020-04-13,389,30,347,Sindh,,,
43,992,2020-04-14,4,0,39,AJK,,,
231,4012,2020-04-14,124,2,34,Balochistan,,,
233,1563,2020-04-14,155,3,9,GB,,,
131,3947,2020-04-14,15,1,19,ICT,,,
800,3793,2020-04-14,153,35,211,KP,,,
2826,41781,2020-04-14,508,24,702,Punjab,,,
1452,13840,2020-04-14,419,31,354,Sindh,,,
46,1029,2020-04-15,4,0,42,AJK,,,
240,4100,2020-04-15,137,2,20,Balochistan,,,
234,1618,2020-04-15,175,3,5,GB,,,
140,4473,2020-04-15,17,1,16,ICT,,,
865,4151,2020-04-15,178,38,211,KP,,,
2945,43565,2020-04-15,508,28,759,Punjab,,,
1518,14503,2020-04-15,427,35,443,Sindh,,,
46,1081,2020-04-16,9,0,37,AJK,,,
280,4299,2020-04-16,140,3,25,Balochistan,,,
237,1664,2020-04-16,178,3,5,GB,,,
145,4824,2020-04-16,17,1,17,ICT,,,
912,4524,2020-04-16,191,42,211,KP,,,
3217,46561,2020-04-16,550,34,756,Punjab,,,
1668,16026,2020-04-16,560,41,319,Sindh,,,
46,1135,2020-04-17,9,0,37,AJK,,,
303,4427,2020-04-17,142,5,33,Balochistan,,,
245,1826,2020-04-17,183,3,5,GB,,,
154,5150,2020-04-17,20,1,22,ICT,,,
993,4885,2020-04-17,205,45,230,KP,,,
3276,48381,2020-04-17,630,36,767,Punjab,,,
2008,18900,2020-04-17,576,45,267,Sindh,,,
48,1175,2020-04-18,9,0,39,AJK,,,
335,4812,2020-04-18,142,5,40,Balochistan,,,
250,2021,2020-04-18,192,3,5,GB,,,
163,5479,2020-04-18,20,1,13,ICT,,,
1077,5311,2020-04-18,216,50,280,KP,,,
3391,52478,2020-04-18,672,37,787,Punjab,,,
2217,21272,2020-04-18,581,47,717,Sindh,,,
48,1229,2020-04-19,9,0,39,AJK,,,
376,5085,2020-04-19,144,5,51,Balochistan,,,
257,2169,2020-04-19,193,3,5,GB,,,
171,5857,2020-04-19,20,2,15,ICT,,,
1137,6003,2020-04-19,226,60,294,KP,,,
3649,55241,2020-04-19,684,41,992,Punjab,,,
2355,22938,2020-04-19,592,48,764,Sindh,,,
49,1275,2020-04-20,10,0,39,AJK,,,
432,5315,2020-04-20,152,5,68,Balochistan,,,
263,2430,2020-04-20,194,3,4,GB,,,
181,5976,2020-04-20,20,3,16,ICT,,,
1235,6544,2020-04-20,267,67,296,KP,,,
3721,58304,2020-04-20,702,42,1002,Punjab,,,
2537,24458,2020-04-20,625,56,791,Sindh,,,
50,1355,2020-04-21,16,0,34,AJK,,,
465,5636,2020-04-21,161,6,67,Balochistan,,,
281,2604,2020-04-21,195,3,4,GB,,,
185,6224,2020-04-21,20,3,14,ICT,,,
1276,9360,2020-04-21,297,74,328,KP,,,
4195,60649,2020-04-21,742,45,1151,Punjab,,,
2764,26058,2020-04-21,635,61,845,Sindh,,,
51,1416,2020-04-22,23,0,28,AJK,,,
552,6130,2020-04-22,168,8,82,Balochistan,,,
290,2859,2020-04-22,201,3,10,GB,,,
204,6931,2020-04-22,26,3,8,ICT,,,
1453,10837,2020-04-22,414,83,351,KP,,,
4590,66030,2020-04-22,790,58,1290,Punjab,,,
3373,30346,2020-04-22,715,69,1010,Sindh,,,
55,1471,2020-04-23,0,0,30,AJK,,,
607,6504,2020-04-23,346,8,79,Balochistan,,,
300,2998,2020-04-23,75,3,10,GB,,,
214,7519,2020-04-23,173,3,12,ICT,,,
1541,11963,2020-04-23,628,85,373,KP,,,
4767,67882,2020-04-23,2497,65,1300,Punjab,,,
3671,33028,2020-04-23,1805,73,1063,Sindh,,,
55,1522,2020-04-24,0,0,27,AJK,,,
656,6742,2020-04-24,393,10,77,Balochistan,,,
307,3162,2020-04-24,81,3,10,GB,,,
223,8059,2020-04-24,177,3,14,ICT,,,
1708,13109,2020-04-24,738,89,409,KP,,,
5046,69971,2020-04-24,2577,73,1331,Punjab,,,
3945,35582,2020-04-24,1893,75,1205,Sindh,,,
55,1588,2020-04-25,0,0,23,AJK,,,
722,7212,2020-04-25,449,11,86,Balochistan,,,
308,3273,2020-04-25,79,3,10,GB,,,
235,8455,2020-04-25,188,3,15,ICT,,,
1793,13930,2020-04-25,760,93,455,KP,,,
5378,71726,2020-04-25,2577,81,1594,Punjab,,,
4232,38181,2020-04-25,2146,78,1206,Sindh,,,
55,1588,2020-04-26,32,0,23,AJK,,,
722,7212,2020-04-26,176,11,86,Balochistan,,,
308,3273,2020-04-26,216,3,10,GB,,,
235,8455,2020-04-26,29,3,15,ICT,,,
1793,13930,2020-04-26,485,93,455,KP,,,
5378,71726,2020-04-26,1126,81,1594,Punjab,,,
4232,38181,2020-04-26,802,78,1206,Sindh,,,
59,1692,2020-04-27,35,0,24,AJK,,,
781,7582,2020-04-27,176,13,90,Balochistan,,,
318,3398,2020-04-27,219,3,10,GB,,,
245,8753,2020-04-27,29,3,15,ICT,,,
1864,14889,2020-04-27,515,98,484,KP,,,
5446,73226,2020-04-27,1183,83,1602,Punjab,,,
4615,41216,2020-04-27,872,81,1230,Sindh,,,
65,1713,2020-04-28,35,0,30,AJK,,,
853,7991,2020-04-28,176,14,93,Balochistan,,,
320,3515,2020-04-28,222,3,10,GB,,,
261,9247,2020-04-28,36,4,18,ICT,,,
1984,15737,2020-04-28,533,104,500,KP,,,
5640,75071,2020-04-28,1306,91,1664,Punjab,,,
4956,43949,2020-04-28,925,85,1241,Sindh,,,
65,1826,2020-04-29,37,0,28,AJK,,,
915,8504,2020-04-29,176,14,93,Balochistan,,,
330,3647,2020-04-29,224,3,9,GB,,,
297,9705,2020-04-29,36,4,19,ICT,,,
2160,16549,2020-04-29,562,114,496,KP,,,
5827,77619,2020-04-29,1427,100,1719,Punjab,,,
5291,48061,2020-04-29,963,92,1323,Sindh,,,
66,1958,2020-04-30,37,0,29,AJK,,,
978,8820,2020-04-30,180,14,88,Balochistan,,,
333,3791,2020-04-30,228,3,10,GB,,,
313,10435,2020-04-30,44,4,21,ICT,,,
2313,17452,2020-04-30,614,122,576,KP,,,
6061,79914,2020-04-30,1780,103,1597,Punjab,,,
5695,51790,2020-04-30,1169,100,1239,Sindh,,,
66,2038,2020-05-01,43,0,23,AJK,,,
1049,9435,2020-05-01,183,14,90,Balochistan,,,
339,3932,2020-05-01,248,3,10,GB,,,
343,11194,2020-05-01,44,4,18,ICT,,,
2627,18504,2020-05-01,654,146,616,KP,,,
6340,82651,2020-05-01,1921,106,1703,Punjab,,,
6053,54377,2020-05-01,1222,112,1246,Sindh,,,
66,2054,2020-05-02,0,0,23,AJK,,,
1136,9821,2020-05-02,847,16,90,Balochistan,,,
340,4146,2020-05-02,72,3,10,GB,,,
365,11689,2020-05-02,302,4,15,ICT,,,
2799,19489,2020-05-02,1322,161,626,KP,,,
6733,88899,2020-05-02,2610,115,1803,Punjab,,,
6675,57761,2020-05-02,4044,118,1218,Sindh,,,
71,2227,2020-05-04,0,0,27,AJK,,,
1218,10326,2020-05-04,917,21,83,Balochistan,,,
364,4439,2020-05-04,91,3,10,GB,,,
415,12704,2020-05-04,339,4,16,ICT,,,
3129,21909,2020-05-04,1535,180,603,KP,,,
7524,96854,2020-05-04,2775,124,1958,Punjab,,,
7465,64052,2020-05-04,4638,130,1142,Sindh,,,
71,2281,2020-05-05,0,0,22,AJK,,,
1321,10633,2020-05-05,1014,21,89,Balochistan,,,
372,4581,2020-05-05,80,3,10,GB,,,
464,13697,2020-05-05,383,4,21,ICT,,,
3288,22692,2020-05-05,1578,185,669,KP,,,
8103,101897,2020-05-05,2779,136,2472,Punjab,,,
7882,66623,2020-05-05,4994,137,1122,Sindh,,,
76,2391,2020-05-06,54,0,22,AJK,,,
1495,11496,2020-05-06,206,21,67,Balochistan,,,
386,4748,2020-05-06,282,3,22,GB,,,
485,14585,2020-05-06,56,4,18,ICT,,,
3499,23562,2020-05-06,875,194,633,KP,,,
8420,106927,2020-05-06,3073,156,2412,Punjab,,,
8189,68873,2020-05-06,1671,148,1231,Sindh,,,
76,2471,2020-05-07,57,0,19,AJK,,,
1659,12289,2020-05-07,209,22,67,Balochistan,,,
388,4876,2020-05-07,288,3,21,GB,,,
521,15607,2020-05-07,56,4,19,ICT,,,
3712,24984,2020-05-07,939,203,671,KP,,,
9077,112007,2020-05-07,3184,175,2939,Punjab,,,
8640,72544,2020-05-07,1731,157,1224,Sindh,,,
78,2518,2020-05-08,58,0,20,AJK,,,
1725,13241,2020-05-08,209,24,44,Balochistan,,,
394,5007,2020-05-08,292,3,13,GB,,,
558,16666,2020-05-08,72,4,18,ICT,,,
3956,26531,2020-05-08,984,209,704,KP,,,
10033,117206,2020-05-08,4062,183,3009,Punjab,,,
9093,76078,2020-05-08,1853,171,1211,Sindh,,,
79,2668,2020-05-09,60,0,19,AJK,,,
1876,13771,2020-05-09,222,24,44,Balochistan,,,
421,5135,2020-05-09,298,3,12,GB,,,
609,17657,2020-05-09,72,4,29,ICT,,,
4327,27990,2020-05-09,1033,221,806,KP,,,
10471,121194,2020-05-09,4131,191,3370,Punjab,,,
9691,81610,2020-05-09,1940,175,1154,Sindh,,,
86,2780,2020-05-10,60,0,26,AJK,,,
1935,14374,2020-05-10,242,24,28,Balochistan,,,
430,5310,2020-05-10,303,4,13,GB,,,
641,18755,2020-05-10,72,5,29,ICT,,,
4509,29202,2020-05-10,1086,234,602,KP,,,
11093,125988,2020-05-10,4240,192,3882,Punjab,,,
10771,87108,2020-05-10,2020,180,1139,Sindh,,,
86,2854,2020-05-11,64,0,22,AJK,,,
2017,14687,2020-05-11,242,26,28,Balochistan,,,
442,5480,2020-05-11,304,4,5,GB,,,
679,19532,2020-05-11,72,6,28,ICT,,,
4669,30472,2020-05-11,1126,245,641,KP,,,
11568,130546,2020-05-11,4323,197,4269,Punjab,,,
11480,91323,2020-05-11,2081,189,1237,Sindh,,,
86,2935,2020-05-12,0,1,21,AJK,,,
2061,15323,2020-05-12,1761,27,31,Balochistan,,,
457,5619,2020-05-12,121,4,12,GB,,,
716,20201,2020-05-12,602,6,36,ICT,,,
4875,31606,2020-05-12,2713,257,649,KP,,,
11869,135114,2020-05-12,2784,211,4422,Punjab,,,
12017,95053,2020-05-12,8178,200,1490,Sindh,,,
88,3037,2020-05-13,0,1,19,AJK,,,
2158,15751,2020-05-13,1844,27,31,Balochistan,,,
475,5748,2020-05-13,127,4,13,GB,,,
759,21257,2020-05-13,632,6,29,ICT,,,
5021,32577,2020-05-13,2860,267,589,KP,,,
13225,140212,2020-05-13,2780,214,5700,Punjab,,,
12610,99117,2020-05-13,8668,218,1495,Sindh,,,
91,3245,2020-05-14,69,1,21,AJK,,,
2239,16062,2020-05-14,326,27,31,Balochistan,,,
482,5884,2020-05-14,337,4,12,GB,,,
822,22287,2020-05-14,100,6,26,ICT,,,
5252,34352,2020-05-14,1392,275,572,KP,,,
13561,145577,2020-05-14,4636,223,5912,Punjab,,,
13341,103343,2020-05-14,2835,234,1432,Sindh,,,
105,3411,2020-05-15,76,1,28,AJK,,,
2310,16601,2020-05-15,342,30,31,Balochistan,,,
501,6027,2020-05-15,339,4,17,GB,,,
866,23409,2020-05-15,100,7,25,ICT,,,
5423,35905,2020-05-15,1505,284,547,KP,,,
13914,151247,2020-05-15,4720,234,6180,Punjab,,,
14099,107830,2020-05-15,3073,243,1476,Sindh,,,
108,3572,2020-05-16,76,1,31,AJK,,,
2457,17078,2020-05-16,383,31,32,Balochistan,,,
518,6173,2020-05-16,345,4,24,GB,,,
921,24367,2020-05-16,100,7,30,ICT,,,
5678,37452,2020-05-16,1613,291,522,KP,,,
14201,157226,2020-05-16,4757,245,6418,Punjab,,,
14916,113396,2020-05-16,3606,255,1404,Sindh,,,
112,3758,2020-05-17,77,1,34,AJK,,,
2544,17663,2020-05-17,417,36,32,Balochistan,,,
527,6356,2020-05-17,348,4,21,GB,,,
947,25385,2020-05-17,113,7,22,ICT,,,
5847,38992,2020-05-17,1699,305,374,KP,,,
14584,163466,2020-05-17,4883,252,6617,Punjab,,,
15590,117860,2020-05-17,3804,268,1265,Sindh,,,
112,3947,2020-05-18,77,1,34,AJK,,,
2692,18021,2020-05-18,454,36,26,Balochistan,,,
540,6517,2020-05-18,368,4,26,GB,,,
997,26606,2020-05-18,113,7,31,ICT,,,
6061,40410,2020-05-18,1783,318,520,KP,,,
15346,168940,2020-05-18,4918,260,7388,Punjab,,,
16337,122894,2020-05-18,4209,277,1406,Sindh,,,
115,4090,2020-05-19,77,1,37,AJK,,,
2820,18438,2020-05-19,524,38,34,Balochistan,,,
550,6636,2020-05-19,368,4,22,GB,,,
1034,27425,2020-05-19,113,9,22,ICT,,,
6230,41825,2020-05-19,1944,334,478,KP,,,
15976,174305,2020-05-19,4974,273,7949,Punjab,,,
17241,127573,2020-05-19,4489,280,1377,Sindh,,,
133,4242,2020-05-20,77,1,55,AJK,,,
2885,19003,2020-05-20,608,38,39,Balochistan,,,
556,6731,2020-05-20,390,4,20,GB,,,
1138,29033,2020-05-20,151,9,30,ICT,,,
6554,43329,2020-05-20,2058,345,512,KP,,,
16685,180540,2020-05-20,5076,289,8538,Punjab,,,
17947,131376,2020-05-20,4741,299,1534,Sindh,,,
148,4470,2020-05-21,79,1,68,AJK,,,
2968,19345,2020-05-21,636,38,35,Balochistan,,,
579,6928,2020-05-21,402,4,22,GB,,,
1235,30364,2020-05-21,151,10,35,ICT,,,
6815,44973,2020-05-21,2130,351,535,KP,,,
17382,185979,2020-05-21,5112,297,8718,Punjab,,,
18964,137540,2020-05-21,5645,316,1487,Sindh,,,
158,4659,2020-05-22,79,1,78,AJK,,,
3074,19888,2020-05-22,724,39,58,Balochistan,,,
602,7099,2020-05-22,412,4,25,GB,,,
1326,32126,2020-05-22,151,12,34,ICT,,,
7155,46762,2020-05-22,2198,365,420,KP,,,
18455,191910,2020-05-22,5312,310,9418,Punjab,,,
19924,143543,2020-05-22,6325,336,1528,Sindh,,,
171,4868,2020-05-23,94,1,76,AJK,,,
3198,20383,2020-05-23,762,39,58,Balochistan,,,
607,7338,2020-05-23,427,4,26,GB,,,
1457,32964,2020-05-23,152,12,33,ICT,,,
7391,48348,2020-05-23,2297,381,465,KP,,,
18730,197225,2020-05-23,5906,324,2126,Punjab,,,
20883,149566,2020-05-23,7015,340,1633,Sindh,,,
197,5103,2020-05-24,97,1,99,AJK,,,
3306,20987,2020-05-24,860,39,61,Balochistan,,,
619,7443,2020-05-24,430,4,24,GB,,,
1592,33936,2020-05-24,152,14,30,ICT,,,
7685,49780,2020-05-24,2396,389,403,KP,,,
19557,202456,2020-05-24,6050,332,1960,Punjab,,,
21645,153902,2020-05-24,7213,354,1654,Sindh,,,
209,5225,2020-05-25,99,2,108,AJK,,,
3407,21401,2020-05-25,875,40,77,Balochistan,,,
619,7574,2020-05-25,437,7,24,GB,,,
1641,34379,2020-05-25,152,16,31,ICT,,,
7905,51587,2020-05-25,2469,398,401,KP,,,
20077,206041,2020-05-25,6091,337,2053,Punjab,,,
22491,157449,2020-05-25,7359,367,1671,Sindh,,,
211,5341,2020-05-26,99,2,110,AJK,,,
3468,21597,2020-05-26,993,41,77,Balochistan,,,
630,7652,2020-05-26,444,8,24,GB,,,
1728,34964,2020-05-26,152,17,32,ICT,,,
8080,52783,2020-05-26,2529,408,400,KP,,,
20654,209270,2020-05-26,6124,352,2137,Punjab,,,
22934,159301,2020-05-26,7973,369,1649,Sindh,,,
214,5379,2020-05-27,99,4,111,AJK,,,
3536,21866,2020-05-27,1156,42,109,Balochistan,,,
638,7761,2020-05-27,457,9,24,GB,,,
1879,35551,2020-05-27,152,18,31,ICT,,,
8259,53917,2020-05-27,2578,416,403,KP,,,
21118,213297,2020-05-27,6185,362,2177,Punjab,,,
23507,161628,2020-05-27,8515,374,1687,Sindh,,,
219,5501,2020-05-28,99,5,115,AJK,,,
3616,22200,2020-05-28,1289,42,115,Balochistan,,,
651,7945,2020-05-28,463,9,24,GB,,,
2015,36108,2020-05-28,152,19,36,ICT,,,
8483,54801,2020-05-28,2632,425,396,KP,,,
22037,217726,2020-05-28,6326,381,2294,Punjab,,,
24206,163805,2020-05-28,9270,380,1720,Sindh,,,
227,5738,2020-05-29,99,5,123,AJK,,,
3928,22641,2020-05-29,1354,43,107,Balochistan,,,
658,8064,2020-05-29,470,9,25,GB,,,
2100,36713,2020-05-29,161,22,39,ICT,,,
8842,55881,2020-05-29,2693,432,416,KP,,,
22964,223074,2020-05-29,6338,410,2328,Punjab,,,
25309,167906,2020-05-29,11190,396,1577,Sindh,,,
234,5975,2020-05-30,105,6,123,AJK,,,
4087,23394,2020-05-30,1400,46,86,Balochistan,,,
660,8208,2020-05-30,477,9,24,GB,,,
2192,37728,2020-05-30,161,23,46,ICT,,,
9067,57095,2020-05-30,2731,445,437,KP,,,
24104,228415,2020-05-30,6507,439,2425,Punjab,,,
26113,171222,2020-05-30,12750,427,1034,Sindh,,,
251,6260,2020-05-31,159,6,86,AJK,,,
4193,23977,2020-05-31,1471,46,82,Balochistan,,,
678,8451,2020-05-31,490,11,24,GB,,,
2418,39269,2020-05-31,169,27,45,ICT,,,
9540,58685,2020-05-31,2809,453,435,KP,,,
25056,233685,2020-05-31,6901,475,2750,Punjab,,,
27360,176703,2020-05-31,13272,465,1058,Sindh,,,
255,6583,2020-06-01,168,6,81,AJK,,,
4393,24470,2020-06-01,1507,47,82,Balochistan,,,
711,8602,2020-06-01,496,11,24,GB,,,
2589,40604,2020-06-01,169,28,47,ICT,,,
10027,60901,2020-06-01,2912,473,424,KP,,,
26240,239173,2020-06-01,7021,497,2637,Punjab,,,
28245,180803,2020-06-01,13810,481,1181,Sindh,,,
271,6696,2020-06-02,170,6,95,AJK,,,
4514,25375,2020-06-02,1565,49,85,Balochistan,,,
738,8863,2020-06-02,527,11,41,GB,,,
2893,41876,2020-06-02,169,30,51,ICT,,,
10485,62528,2020-06-02,2973,482,500,KP,,,
27850,245544,2020-06-02,7116,540,2756,Punjab,,,
29647,187092,2020-06-02,14590,503,1208,Sindh,,,
284,7008,2020-06-03,170,7,107,AJK,,,
4740,26218,2020-06-03,1733,49,81,Balochistan,,,
779,9197,2020-06-03,529,12,41,GB,,,
3188,43418,2020-06-03,399,34,48,ICT,,,
10897,64488,2020-06-03,3085,490,558,KP,,,
29489,252469,2020-06-03,7469,570,2783,Punjab,,,
31086,192546,2020-06-03,15538,526,1209,Sindh,,,
285,7287,2020-06-04,173,7,105,AJK,,,
5224,27301,2020-06-04,2021,51,68,Balochistan,,,
824,9435,2020-06-04,532,12,41,GB,,,
3544,45760,2020-06-04,518,38,51,ICT,,,
11373,66381,2020-06-04,3150,500,625,KP,,,
31104,259254,2020-06-04,7712,607,2765,Punjab,,,
32910,200093,2020-06-04,16022,555,1263,Sindh,,,
299,7613,2020-06-05,182,7,110,AJK,,,
5582,28099,2020-06-05,2037,53,76,Balochistan,,,
852,9641,2020-06-05,541,12,46,GB,,,
3946,48546,2020-06-05,629,41,56,ICT,,,
11890,68982,2020-06-05,3221,521,680,KP,,,
33144,266959,2020-06-05,7806,629,2556,Punjab,,,
33536,208483,2020-06-05,16782,575,1269,Sindh,,,
331,7934,2020-06-06,185,8,138,AJK,,,
5776,28652,2020-06-06,2110,54,82,Balochistan,,,
897,9859,2020-06-06,551,13,46,GB,,,
4323,51376,2020-06-06,629,45,58,ICT,,,
12459,71688,2020-06-06,3366,541,712,KP,,,
35308,275139,2020-06-06,7953,659,2693,Punjab,,,
34889,215860,2020-06-06,17787,615,1331,Sindh,,,
361,8342,2020-06-07,190,8,163,AJK,,,
6221,30087,2020-06-07,2175,54,73,Balochistan,,,
927,10058,2020-06-07,573,13,46,GB,,,
4979,54675,2020-06-07,703,49,59,ICT,,,
13001,74749,2020-06-07,3450,561,711,KP,,,
37090,282807,2020-06-07,8109,683,2697,Punjab,,,
36364,222890,2020-06-07,18265,634,1327,Sindh,,,
488,9573,2020-06-11,219,9,260,AJK,,,
7335,34153,2020-06-11,2592,73,107,Balochistan,,,
1018,10650,2020-06-11,633,14,50,GB,,,
6236,66040,2020-06-11,1164,62,75,ICT,,,
15206,86899,2020-06-11,3771,619,1017,KP,,,
45463,317893,2020-06-11,9005,841,2803,Punjab,,,
43790,255617,2020-06-11,21007,738,1526,Sindh,,,
534,9942,2020-06-12,237,10,287,AJK,,,
7673,35412,2020-06-12,2673,75,107,Balochistan,,,
1030,10769,2020-06-12,673,15,48,GB,,,
6699,69806,2020-06-12,1164,65,75,ICT,,,
15787,90470,2020-06-12,3907,632,1026,KP,,,
47382,327072,2020-06-12,9546,890,2426,Punjab,,,
46828,265698,2020-06-12,22047,776,1681,Sindh,,,